Product Title,Transaction_Count
Character Manager (Complete Reference for DnD 5),131
DM Tools (Complete Reference for DnD 5),99
Character Manager (Complete Reference for DnD 5),166
DM Tools (Complete Reference for DnD 5),121
Character Manager (Complete Reference for DnD 5),142
DM Tools (Complete Reference for DnD 5),122
Character Manager (Complete Reference for DnD 5),142
DM Tools (Complete Reference for DnD 5),92
Character Manager (Complete Reference for DnD 5),134
DM Tools (Complete Reference for DnD 5),87
Character Manager (Complete Reference for DnD 5),141
DM Tools (Complete Reference for DnD 5),91
Character Manager (Complete Reference for DnD 5),133
DM Tools (Complete Reference for DnD 5),96
